molecule number,sRNA, accessibility, interacting site,         supplementary table interacting nucleotides
4,SgrS,0.197522997,[157- 172],[[157- 187]- [159- 172]- [168- 179]- [168- 187]]
4,SgrS,0.30245947,[159- 172],[[157- 187]- [159- 172]- [168- 179]- [168- 187]]
4,SgrS,0.577477435,[160- 175],[[157- 187]- [159- 172]- [168- 179]- [168- 187]]
4,SgrS,0.322418344,[168- 179],[[157- 187]- [159- 172]- [168- 179]- [168- 187]]
4,SgrS,0.604877812,[168- 187],[[157- 187]- [159- 172]- [168- 179]- [168- 187]]
4,SgrS,0.445111896,[173- 187],[[157- 187]- [159- 172]- [168- 179]- [168- 187]]
4,SgrS,0.0,[174- 183],[[157- 187]- [159- 172]- [168- 179]- [168- 187]]
10,sroB (ChiX),0.490737978,[46- 57],[[46- 57]- [81- 92]]
13,RybB,0.454476228,[1- 9],[[4- 33]- [49- 60]- [1- 16]- [1- 34]- [1- 16]- [17- 34]- [1- 13]- [1- 25]- [1- 22]- [1- 14]- [1- 22]- [1- 19]- [1- 23]- [1- 16]- [1- 16]- [1- 10]- [1- 20]- [5- 18]- [3- 24]- [1- 23]- [6- 19]- [5- 19]- [1- 25]- [1- 17]- [1- 19]- [3- 15]]
13,RybB,0.698959426,[1- 16],[[4- 33]- [49- 60]- [1- 16]- [1- 34]- [1- 16]- [17- 34]- [1- 13]- [1- 25]- [1- 22]- [1- 14]- [1- 22]- [1- 19]- [1- 23]- [1- 16]- [1- 16]- [1- 10]- [1- 20]- [5- 18]- [3- 24]- [1- 23]- [6- 19]- [5- 19]- [1- 25]- [1- 17]- [1- 19]- [3- 15]]
13,RybB,0.45528624,[1- 13],[[4- 33]- [49- 60]- [1- 16]- [1- 34]- [1- 16]- [17- 34]- [1- 13]- [1- 25]- [1- 22]- [1- 14]- [1- 22]- [1- 19]- [1- 23]- [1- 16]- [1- 16]- [1- 10]- [1- 20]- [5- 18]- [3- 24]- [1- 23]- [6- 19]- [5- 19]- [1- 25]- [1- 17]- [1- 19]- [3- 15]]
13,RybB,0.609191965,[3- 17],[[4- 33]- [49- 60]- [1- 16]- [1- 34]- [1- 16]- [17- 34]- [1- 13]- [1- 25]- [1- 22]- [1- 14]- [1- 22]- [1- 19]- [1- 23]- [1- 16]- [1- 16]- [1- 10]- [1- 20]- [5- 18]- [3- 24]- [1- 23]- [6- 19]- [5- 19]- [1- 25]- [1- 17]- [1- 19]- [3- 15]]
13,RybB,0.507674238,[4- 17],[[4- 33]- [49- 60]- [1- 16]- [1- 34]- [1- 16]- [17- 34]- [1- 13]- [1- 25]- [1- 22]- [1- 14]- [1- 22]- [1- 19]- [1- 23]- [1- 16]- [1- 16]- [1- 10]- [1- 20]- [5- 18]- [3- 24]- [1- 23]- [6- 19]- [5- 19]- [1- 25]- [1- 17]- [1- 19]- [3- 15]]
13,RybB,0.426878562,[5- 22],[[4- 33]- [49- 60]- [1- 16]- [1- 34]- [1- 16]- [17- 34]- [1- 13]- [1- 25]- [1- 22]- [1- 14]- [1- 22]- [1- 19]- [1- 23]- [1- 16]- [1- 16]- [1- 10]- [1- 20]- [5- 18]- [3- 24]- [1- 23]- [6- 19]- [5- 19]- [1- 25]- [1- 17]- [1- 19]- [3- 15]]
13,RybB,0.474787196,[17- 31],[[4- 33]- [49- 60]- [1- 16]- [1- 34]- [1- 16]- [17- 34]- [1- 13]- [1- 25]- [1- 22]- [1- 14]- [1- 22]- [1- 19]- [1- 23]- [1- 16]- [1- 16]- [1- 10]- [1- 20]- [5- 18]- [3- 24]- [1- 23]- [6- 19]- [5- 19]- [1- 25]- [1- 17]- [1- 19]- [3- 15]]
13,RybB,0.962760494,[17- 34],[[4- 33]- [49- 60]- [1- 16]- [1- 34]- [1- 16]- [17- 34]- [1- 13]- [1- 25]- [1- 22]- [1- 14]- [1- 22]- [1- 19]- [1- 23]- [1- 16]- [1- 16]- [1- 10]- [1- 20]- [5- 18]- [3- 24]- [1- 23]- [6- 19]- [5- 19]- [1- 25]- [1- 17]- [1- 19]- [3- 15]]
13,RybB,0.706580658,[50- 58],[[4- 33]- [49- 60]- [1- 16]- [1- 34]- [1- 16]- [17- 34]- [1- 13]- [1- 25]- [1- 22]- [1- 14]- [1- 22]- [1- 19]- [1- 23]- [1- 16]- [1- 16]- [1- 10]- [1- 20]- [5- 18]- [3- 24]- [1- 23]- [6- 19]- [5- 19]- [1- 25]- [1- 17]- [1- 19]- [3- 15]]
18,McaS,0.419029855,[69- 78],[[98- 113]- [127- 135]- [69- 78]]
18,McaS,0.626859966,[98- 112],[[98- 113]- [127- 135]- [69- 78]]
18,McaS,0.455152176,[98- 113],[[98- 113]- [127- 135]- [69- 78]]
18,McaS,0.25183433,[127- 135],[[98- 113]- [127- 135]- [69- 78]]
19,FnrS,0.833767681,[1- 9],[[37- 67]- [40- 74]- [11- 47]- [38- 57]- [1- 6]- [36- 53]- [1- 12]- [31- 65]- [44- 54]- [27- 42]- [2- 26]- [1- 62]]
19,FnrS,0.0,[4- 18],[[37- 67]- [40- 74]- [11- 47]- [38- 57]- [1- 6]- [36- 53]- [1- 12]- [31- 65]- [44- 54]- [27- 42]- [2- 26]- [1- 62]]
19,FnrS,0.357103951,[17- 32],[[37- 67]- [40- 74]- [11- 47]- [38- 57]- [1- 6]- [36- 53]- [1- 12]- [31- 65]- [44- 54]- [27- 42]- [2- 26]- [1- 62]]
19,FnrS,0.826098223,[32- 44],[[37- 67]- [40- 74]- [11- 47]- [38- 57]- [1- 6]- [36- 53]- [1- 12]- [31- 65]- [44- 54]- [27- 42]- [2- 26]- [1- 62]]
19,FnrS,0.893389245,[40- 53],[[37- 67]- [40- 74]- [11- 47]- [38- 57]- [1- 6]- [36- 53]- [1- 12]- [31- 65]- [44- 54]- [27- 42]- [2- 26]- [1- 62]]
19,FnrS,1.0,[51- 66],[[37- 67]- [40- 74]- [11- 47]- [38- 57]- [1- 6]- [36- 53]- [1- 12]- [31- 65]- [44- 54]- [27- 42]- [2- 26]- [1- 62]]
19,FnrS,0.699558179,[64- 72],[[37- 67]- [40- 74]- [11- 47]- [38- 57]- [1- 6]- [36- 53]- [1- 12]- [31- 65]- [44- 54]- [27- 42]- [2- 26]- [1- 62]]
20,MicC,0.40557014,[1- 9],[[1- 30]]
20,MicC,0.950197404,[5- 14],[[1- 30]]
20,MicC,0.626281522,[13- 28],[[1- 30]]
24,RprA,1.0,[28- 45],[[79- 97]- [60- 74]- [28- 45]- [33- 62]- [45- 75]]
24,RprA,0.138421319,[30- 39],[[79- 97]- [60- 74]- [28- 45]- [33- 62]- [45- 75]]
24,RprA,0.266891773,[40- 55],[[79- 97]- [60- 74]- [28- 45]- [33- 62]- [45- 75]]
24,RprA,0.454634253,[55- 64],[[79- 97]- [60- 74]- [28- 45]- [33- 62]- [45- 75]]
24,RprA,0.920330627,[79- 97],[[79- 97]- [60- 74]- [28- 45]- [33- 62]- [45- 75]]
30,rseX,0.433881446,[35- 47],[[30- 55]- [37- 50]]
30,rseX,0.136614382,[37- 50],[[30- 55]- [37- 50]]
39,SraD (MicA),0.968247178,[1- 9],[[6- 31]- [8- 30]- [8- 25]- [2- 30]- [1- 23]- [6- 30]- [11- 28]- [1- 23]- [4- 14]]
39,SraD (MicA),0.0,[1- 23],[[6- 31]- [8- 30]- [8- 25]- [2- 30]- [1- 23]- [6- 30]- [11- 28]- [1- 23]- [4- 14]]
39,SraD (MicA),0.488334716,[4- 14],[[6- 31]- [8- 30]- [8- 25]- [2- 30]- [1- 23]- [6- 30]- [11- 28]- [1- 23]- [4- 14]]
39,SraD (MicA),0.230425988,[8- 30],[[6- 31]- [8- 30]- [8- 25]- [2- 30]- [1- 23]- [6- 30]- [11- 28]- [1- 23]- [4- 14]]
39,SraD (MicA),0.566849806,[10- 19],[[6- 31]- [8- 30]- [8- 25]- [2- 30]- [1- 23]- [6- 30]- [11- 28]- [1- 23]- [4- 14]]
39,SraD (MicA),0.635930352,[11- 25],[[6- 31]- [8- 30]- [8- 25]- [2- 30]- [1- 23]- [6- 30]- [11- 28]- [1- 23]- [4- 14]]
39,SraD (MicA),0.757056552,[11- 28],[[6- 31]- [8- 30]- [8- 25]- [2- 30]- [1- 23]- [6- 30]- [11- 28]- [1- 23]- [4- 14]]
40,GcvB,0.432101097,[60- 75],[[69- 86]- [60- 94]- [148- 174]- [124- 161]- [64- 99]]
40,GcvB,0.198421754,[69- 87],[[69- 86]- [60- 94]- [148- 174]- [124- 161]- [64- 99]]
40,GcvB,0.736107314,[73- 81],[[69- 86]- [60- 94]- [148- 174]- [124- 161]- [64- 99]]
40,GcvB,0.721937659,[81- 94],[[69- 86]- [60- 94]- [148- 174]- [124- 161]- [64- 99]]
40,GcvB,0.646841319,[90- 98],[[69- 86]- [60- 94]- [148- 174]- [124- 161]- [64- 99]]
40,GcvB,0.949165751,[125- 134],[[69- 86]- [60- 94]- [148- 174]- [124- 161]- [64- 99]]
40,GcvB,0.433114577,[134- 149],[[69- 86]- [60- 94]- [148- 174]- [124- 161]- [64- 99]]
40,GcvB,0.722587748,[149- 161],[[69- 86]- [60- 94]- [148- 174]- [124- 161]- [64- 99]]
40,GcvB,0.0,[157- 170],[[69- 86]- [60- 94]- [148- 174]- [124- 161]- [64- 99]]
41,OmrA,0.288384429,[1- 9],[[16- 48]- [1- 19]- [1- 33]- [1- 50]]
41,OmrA,0.532337174,[1- 19],[[16- 48]- [1- 19]- [1- 33]- [1- 50]]
41,OmrA,1.0,[9- 22],[[16- 48]- [1- 19]- [1- 33]- [1- 50]]
41,OmrA,0.0,[23- 38],[[16- 48]- [1- 19]- [1- 33]- [1- 50]]
41,OmrA,0.122460386,[31- 39],[[16- 48]- [1- 19]- [1- 33]- [1- 50]]
42,OmrB,0.0,[1- 9],[[1- 32]- [1- 19]- [2- 15]- [2- 20]- [1- 49]]
42,OmrB,0.954421685,[2- 15],[[1- 32]- [1- 19]- [2- 15]- [2- 20]- [1- 49]]
42,OmrB,0.670019929,[2- 20],[[1- 32]- [1- 19]- [2- 15]- [2- 20]- [1- 49]]
42,OmrB,0.4857159,[4- 12],[[1- 32]- [1- 19]- [2- 15]- [2- 20]- [1- 49]]
42,OmrB,0.801131076,[11- 24],[[1- 32]- [1- 19]- [2- 15]- [2- 20]- [1- 49]]
42,OmrB,0.870480468,[22- 35],[[1- 32]- [1- 19]- [2- 15]- [2- 20]- [1- 49]]
42,OmrB,0.656173556,[36- 46],[[1- 32]- [1- 19]- [2- 15]- [2- 20]- [1- 49]]
48,SraH (ArcZ),0.307235636,[1- 9],[[66- 91]- [1- 17]]
48,SraH (ArcZ),0.0,[1- 17],[[66- 91]- [1- 17]]
48,SraH (ArcZ),0.868109284,[8- 16],[[66- 91]- [1- 17]]
48,SraH (ArcZ),0.114983043,[66- 91],[[66- 91]- [1- 17]]
48,SraH (ArcZ),0.144172609,[68- 83],[[66- 91]- [1- 17]]
53,GlmZ,0.627028811,[150- 169],[[150- 169]]
54,Spot_42,0.349536093,[1- 9],[[4- 13]- [23- 38]- [23- 34]- [48- 55]- [20- 34]- [4- 57]- [1- 62]- [1- 17]- [1- 9]- [1- 8]- [52- 60]- [4- 15]- [46- 56]- [1- 33]- [4- 11]- [40- 56]- [29- 57]]
54,Spot_42,0.723933349,[1- 17],[[4- 13]- [23- 38]- [23- 34]- [48- 55]- [20- 34]- [4- 57]- [1- 62]- [1- 17]- [1- 9]- [1- 8]- [52- 60]- [4- 15]- [46- 56]- [1- 33]- [4- 11]- [40- 56]- [29- 57]]
54,Spot_42,0.416361687,[2- 10],[[4- 13]- [23- 38]- [23- 34]- [48- 55]- [20- 34]- [4- 57]- [1- 62]- [1- 17]- [1- 9]- [1- 8]- [52- 60]- [4- 15]- [46- 56]- [1- 33]- [4- 11]- [40- 56]- [29- 57]]
54,Spot_42,0.602527328,[4- 15],[[4- 13]- [23- 38]- [23- 34]- [48- 55]- [20- 34]- [4- 57]- [1- 62]- [1- 17]- [1- 9]- [1- 8]- [52- 60]- [4- 15]- [46- 56]- [1- 33]- [4- 11]- [40- 56]- [29- 57]]
54,Spot_42,0.763923884,[4- 13],[[4- 13]- [23- 38]- [23- 34]- [48- 55]- [20- 34]- [4- 57]- [1- 62]- [1- 17]- [1- 9]- [1- 8]- [52- 60]- [4- 15]- [46- 56]- [1- 33]- [4- 11]- [40- 56]- [29- 57]]
54,Spot_42,0.184066838,[6- 21],[[4- 13]- [23- 38]- [23- 34]- [48- 55]- [20- 34]- [4- 57]- [1- 62]- [1- 17]- [1- 9]- [1- 8]- [52- 60]- [4- 15]- [46- 56]- [1- 33]- [4- 11]- [40- 56]- [29- 57]]
54,Spot_42,0.0,[20- 34],[[4- 13]- [23- 38]- [23- 34]- [48- 55]- [20- 34]- [4- 57]- [1- 62]- [1- 17]- [1- 9]- [1- 8]- [52- 60]- [4- 15]- [46- 56]- [1- 33]- [4- 11]- [40- 56]- [29- 57]]
54,Spot_42,0.234096009,[22- 37],[[4- 13]- [23- 38]- [23- 34]- [48- 55]- [20- 34]- [4- 57]- [1- 62]- [1- 17]- [1- 9]- [1- 8]- [52- 60]- [4- 15]- [46- 56]- [1- 33]- [4- 11]- [40- 56]- [29- 57]]
54,Spot_42,0.809861059,[23- 34],[[4- 13]- [23- 38]- [23- 34]- [48- 55]- [20- 34]- [4- 57]- [1- 62]- [1- 17]- [1- 9]- [1- 8]- [52- 60]- [4- 15]- [46- 56]- [1- 33]- [4- 11]- [40- 56]- [29- 57]]
54,Spot_42,1.0,[34- 44],[[4- 13]- [23- 38]- [23- 34]- [48- 55]- [20- 34]- [4- 57]- [1- 62]- [1- 17]- [1- 9]- [1- 8]- [52- 60]- [4- 15]- [46- 56]- [1- 33]- [4- 11]- [40- 56]- [29- 57]]
54,Spot_42,0.527106128,[43- 58],[[4- 13]- [23- 38]- [23- 34]- [48- 55]- [20- 34]- [4- 57]- [1- 62]- [1- 17]- [1- 9]- [1- 8]- [52- 60]- [4- 15]- [46- 56]- [1- 33]- [4- 11]- [40- 56]- [29- 57]]
54,Spot_42,0.686470702,[46- 56],[[4- 13]- [23- 38]- [23- 34]- [48- 55]- [20- 34]- [4- 57]- [1- 62]- [1- 17]- [1- 9]- [1- 8]- [52- 60]- [4- 15]- [46- 56]- [1- 33]- [4- 11]- [40- 56]- [29- 57]]
54,Spot_42,0.658417265,[48- 56],[[4- 13]- [23- 38]- [23- 34]- [48- 55]- [20- 34]- [4- 57]- [1- 62]- [1- 17]- [1- 9]- [1- 8]- [52- 60]- [4- 15]- [46- 56]- [1- 33]- [4- 11]- [40- 56]- [29- 57]]
54,Spot_42,0.827588414,[52- 60],[[4- 13]- [23- 38]- [23- 34]- [48- 55]- [20- 34]- [4- 57]- [1- 62]- [1- 17]- [1- 9]- [1- 8]- [52- 60]- [4- 15]- [46- 56]- [1- 33]- [4- 11]- [40- 56]- [29- 57]]
55,OxyS,0.871835547,[53- 68],[[53- 74]]
62,dsrA,0.872246444,[10- 32],[[24- 41]- [10- 32]- [31- 43]]
62,dsrA,0.0,[15- 30],[[24- 41]- [10- 32]- [31- 43]]
62,dsrA,0.543192396,[24- 41],[[24- 41]- [10- 32]- [31- 43]]
62,dsrA,0.806685095,[29- 38],[[24- 41]- [10- 32]- [31- 43]]
62,dsrA,0.686135834,[31- 43],[[24- 41]- [10- 32]- [31- 43]]
65,ryhB,0.575717784,[1- 9],[[43- 68]- [9- 50]- [34- 64]- [38- 57]- [38- 57]- [36- 60]- [43- 51]- [9- 50]- [19- 75]- [41- 57]- [38- 76]- [1- 12]- [26- 38]]
65,ryhB,0.943388225,[9- 25],[[43- 68]- [9- 50]- [34- 64]- [38- 57]- [38- 57]- [36- 60]- [43- 51]- [9- 50]- [19- 75]- [41- 57]- [38- 76]- [1- 12]- [26- 38]]
65,ryhB,0.910596758,[10- 18],[[43- 68]- [9- 50]- [34- 64]- [38- 57]- [38- 57]- [36- 60]- [43- 51]- [9- 50]- [19- 75]- [41- 57]- [38- 76]- [1- 12]- [26- 38]]
65,ryhB,0.344221242,[12- 25],[[43- 68]- [9- 50]- [34- 64]- [38- 57]- [38- 57]- [36- 60]- [43- 51]- [9- 50]- [19- 75]- [41- 57]- [38- 76]- [1- 12]- [26- 38]]
65,ryhB,0.828832312,[17- 26],[[43- 68]- [9- 50]- [34- 64]- [38- 57]- [38- 57]- [36- 60]- [43- 51]- [9- 50]- [19- 75]- [41- 57]- [38- 76]- [1- 12]- [26- 38]]
65,ryhB,0.477868473,[26- 38],[[43- 68]- [9- 50]- [34- 64]- [38- 57]- [38- 57]- [36- 60]- [43- 51]- [9- 50]- [19- 75]- [41- 57]- [38- 76]- [1- 12]- [26- 38]]
65,ryhB,0.5840695,[27- 39],[[43- 68]- [9- 50]- [34- 64]- [38- 57]- [38- 57]- [36- 60]- [43- 51]- [9- 50]- [19- 75]- [41- 57]- [38- 76]- [1- 12]- [26- 38]]
65,ryhB,0.29275895,[34- 50],[[43- 68]- [9- 50]- [34- 64]- [38- 57]- [38- 57]- [36- 60]- [43- 51]- [9- 50]- [19- 75]- [41- 57]- [38- 76]- [1- 12]- [26- 38]]
65,ryhB,0.874954878,[36- 60],[[43- 68]- [9- 50]- [34- 64]- [38- 57]- [38- 57]- [36- 60]- [43- 51]- [9- 50]- [19- 75]- [41- 57]- [38- 76]- [1- 12]- [26- 38]]
65,ryhB,0.846875213,[38- 52],[[43- 68]- [9- 50]- [34- 64]- [38- 57]- [38- 57]- [36- 60]- [43- 51]- [9- 50]- [19- 75]- [41- 57]- [38- 76]- [1- 12]- [26- 38]]
65,ryhB,0.630989547,[38- 57],[[43- 68]- [9- 50]- [34- 64]- [38- 57]- [38- 57]- [36- 60]- [43- 51]- [9- 50]- [19- 75]- [41- 57]- [38- 76]- [1- 12]- [26- 38]]
65,ryhB,0.456928877,[39- 48],[[43- 68]- [9- 50]- [34- 64]- [38- 57]- [38- 57]- [36- 60]- [43- 51]- [9- 50]- [19- 75]- [41- 57]- [38- 76]- [1- 12]- [26- 38]]
65,ryhB,0.682391783,[41- 57],[[43- 68]- [9- 50]- [34- 64]- [38- 57]- [38- 57]- [36- 60]- [43- 51]- [9- 50]- [19- 75]- [41- 57]- [38- 76]- [1- 12]- [26- 38]]
65,ryhB,0.78682584,[42- 57],[[43- 68]- [9- 50]- [34- 64]- [38- 57]- [38- 57]- [36- 60]- [43- 51]- [9- 50]- [19- 75]- [41- 57]- [38- 76]- [1- 12]- [26- 38]]
65,ryhB,0.978455127,[43- 68],[[43- 68]- [9- 50]- [34- 64]- [38- 57]- [38- 57]- [36- 60]- [43- 51]- [9- 50]- [19- 75]- [41- 57]- [38- 76]- [1- 12]- [26- 38]]
65,ryhB,0.853062398,[43- 55],[[43- 68]- [9- 50]- [34- 64]- [38- 57]- [38- 57]- [36- 60]- [43- 51]- [9- 50]- [19- 75]- [41- 57]- [38- 76]- [1- 12]- [26- 38]]
65,ryhB,0.0,[43- 51],[[43- 68]- [9- 50]- [34- 64]- [38- 57]- [38- 57]- [36- 60]- [43- 51]- [9- 50]- [19- 75]- [41- 57]- [38- 76]- [1- 12]- [26- 38]]
65,ryhB,1.0,[53- 68],[[43- 68]- [9- 50]- [34- 64]- [38- 57]- [38- 57]- [36- 60]- [43- 51]- [9- 50]- [19- 75]- [41- 57]- [38- 76]- [1- 12]- [26- 38]]
65,ryhB,0.7636006,[58- 73],[[43- 68]- [9- 50]- [34- 64]- [38- 57]- [38- 57]- [36- 60]- [43- 51]- [9- 50]- [19- 75]- [41- 57]- [38- 76]- [1- 12]- [26- 38]]
65,ryhB,0.488840973,[68- 76],[[43- 68]- [9- 50]- [34- 64]- [38- 57]- [38- 57]- [36- 60]- [43- 51]- [9- 50]- [19- 75]- [41- 57]- [38- 76]- [1- 12]- [26- 38]]
66,MicF,0.397389684,[1- 9],[[1- 33]- [1- 13]]
66,MicF,0.201029588,[1- 13],[[1- 33]- [1- 13]]
66,MicF,0.223422781,[10- 24],[[1- 33]- [1- 13]]
66,MicF,0.016917178,[14- 33],[[1- 33]- [1- 13]]
68,CyaR,0.374811119,[1- 9],[[35- 49]- [31- 50]- [35- 48]- [1- 43]- [38- 48]]
68,CyaR,0.795946097,[1- 20],[[35- 49]- [31- 50]- [35- 48]- [1- 43]- [38- 48]]
68,CyaR,0.100633843,[10- 19],[[35- 49]- [31- 50]- [35- 48]- [1- 43]- [38- 48]]
68,CyaR,0.482411175,[12- 27],[[35- 49]- [31- 50]- [35- 48]- [1- 43]- [38- 48]]
68,CyaR,0.56945444,[20- 43],[[35- 49]- [31- 50]- [35- 48]- [1- 43]- [38- 48]]
68,CyaR,0.727015628,[23- 32],[[35- 49]- [31- 50]- [35- 48]- [1- 43]- [38- 48]]
68,CyaR,0.349376619,[31- 46],[[35- 49]- [31- 50]- [35- 48]- [1- 43]- [38- 48]]
68,CyaR,1.0,[31- 50],[[35- 49]- [31- 50]- [35- 48]- [1- 43]- [38- 48]]
68,CyaR,0.0,[35- 49],[[35- 49]- [31- 50]- [35- 48]- [1- 43]- [38- 48]]
68,CyaR,0.848238903,[38- 48],[[35- 49]- [31- 50]- [35- 48]- [1- 43]- [38- 48]]
68,CyaR,0.853498937,[39- 48],[[35- 49]- [31- 50]- [35- 48]- [1- 43]- [38- 48]]
69,dicF,0.82702978,[22- 42],[[22- 52]]
69,dicF,0.350457445,[33- 46],[[22- 52]]
69,dicF,0.0,[42- 52],[[22- 52]]
