Number,sRNA,Sequence,Length,Hfq Dependent,Refrence for Hfq Dependency,,Known Hfq Binding Site,First Verification/Prediction,First Verification/Prediction Organism,First Verification/Prediction Nucleotides,Second Verification/Prediction,Second Verification/Prediction Organism,Second Verification/Prediction Nucleotides,Target mRNA,Interacting Nucleotides,Probe within Interacting Region,Repression/Induction,INTERFACE-determined accessibility,Predicted? Keep this?,Reasoning,Reference,,
1,tpke11,TCGCCCTATAAACGGGTAATTATACTGACACGGGCGAAGGGGAATTTCCTCTCCGCCCGTGCATTCATCTAGGGGCAATTTAAAAAAGA,89,Yes,"Zhang, et al. (2003)","Zhang, et al. (2003)",No,,,,,,,,,,,,,,,,
,,,,,,,,,,,,,,,,,,,,,,,
2,sokC,GTTCAGCATATAGGAGGCCTCGGGTTGATGGTAAAATATCACTCGGGGCTTTTCT,55,Unknown,,,Unknown,,,,,,,,,,,,,,,,
3,SroA,GTTCTCAACGGGGTGCCACGCGTACGCGTGCGCTGAGAAAATACCCGTCGAACCTGATCCGGATAACGCCGGCGAAGGGATTTGAGGCTCCTT,93,Unknown,,,Unknown,,,,,,,,,,,,,,,,
4,SgrS,GATGAAGCAAGGGGGTGCCCCATGCGTCAGTTTTATCAGCACTATTTTACCGCGACAGCGAAGTTGTGCTGGTTGCGTTGGTTAAGCGTCCCACAACGATTAACCATGCTTGAAGGACTGATGCAGTGGGATGACCGCAATTCTGAAAGTTGACTTGCCTGCATCATGTGTGACTGAGTATTGGTGTAAAATCACCCGCCAGCAGATTATACCTGCTGGTTTTTTTT,227,Yes,"Ishikawa, et al. (2012)","Ishikawa, et al. (2012)",Yes,pull downs with heterologously expressed Hfq flag using hfq variants + in vitro binding experiments (EMSA) 10.1261/rna.031575.111.,E. coli,"[179,227]",,,,ptsG,"[157,187]","17,22",repression,"0.2, 0.45",accessible,"no glucose in media, likely this pathway isn't transcriptionally activated and there is no need to repress it at the RNA level",PMC2955591,,
,,,,,,,,,,,,,,manX,"[159,172]",18,repression,0.3,accessible,"no sugars listed are present in media, thus the MAN pathways are probably not present in high abundance at RNA level",PMC2955591,,
,,,,,,,,,,,,,,manY,"[168,179]",20,repression,0.32,accessible,"no sugars listed are present in media, thus the MAN pathways are probably not present in high abundance at RNA level",22988087,,
,,,,,,,,,,,,,,yigL,"[168,187]",21,induction,0.6,accessible,likely not being activated because no glucose in media so there's likely not an excess,,,
5,tp2,ACTAATTCTTTCGTTGCTCCAGACGACGCAGAGAACGCTCACGGCGGCTCTCTTCACGACTTCTGTCGAGCAAAATTTCTTCGATAAAGGCCAGATGGCGATGCGATGCTTCGCGCGCTTCTTCCGGCTTACCGGCCATAATCGCTTCAAATATGCGGGTG,161,Unknown,,,Unknown,,,,,,,,,,,,,,,,
6,tff,CGGACTTCCGATCCATTTCGTATACACAGACTGGACGGAAGCGACAATCTCACTTTGTGTAACAACACACACGTATCGGCACATATTCCGGGGTGCCCTTTGGGGTCGGTAATATGGGATACGTGGAGGCATAACC,136,Unknown,,,Unknown,,,,,,,,,,,,,,,,
7,sraA,CATTCAACGCCGAGAATAGAGGAAAAATTAAAGGGGAGATAAAATCCCCCCTTTTTG,57,Unknown,,,Unknown,,,,,,,,,,,,,,,,
8,ffs (4.5S),GGGGGCTCTGTTGGTTCTCCCGCAACGCTACTCTGTTTACCAGGTCAGGTCCGGAAGGAAGCAGCCAAGGCAGATGACGCGTGTGCCGGGATGTAGCTGGCAGGGCCCCCACCC,114,No,"Zhang, et al. (2003); Pandey, et al. (2014)","Zhang, et al. (2003); Pandey, et al. (2014)",No,,,,,,,,,,,,,,,,
9,nc2,GGAAAAAATCCTCGGCTAATTCGAAAGCGCGCACGGACAGTCCCCTCGCCCCCTCGGGGAGAGGGTTAGGGTGAGGGGAACAGGCCCGCACAAGCAAACTTATCAGCAATCTCAGGCCGGATATTCATTCGGCCTTTTACAAAAA,145,Unknown,,,Unknown,,,,,,,,,,,,,,,,
10,sroB (ChiX),ACACCGTCGCTTAAAGTGACGGCATAATAATAAAAAAATGAAATTCCTCTTTGACGGGCCAATAGCGATATTGGCCATTTTT,82,Yes,Moon and Gottesman (2011),Moon and Gottesman (2011),Yes,in vitro Pb 2+ footprinting in presence and absense of Hfq/ with Rnase T1 control 10.1111/mmi.12961,E. coli,"[24,33] [48,52] [78,82] ",,,,,"[46,57]",,,,,,,,
,,,,,,,,,,,,,,,"[81,92]",,,,,,,,
11,sroC,ACTAATTACAAGAACCAGGGGCGGAAATTCCAGCCCTCTCGATTGTTACGTAGCACGGACAGACTATACGCCTGATGGTCGTTCCCCATCGGGCCTGAAAACCGCAATACGCTGGGTAACAATCTTCGAGGGTAGCAGTTAACGCTGCTACCCTCTTTTTTCT,163,Yes,http://www.ncbi.nlm.nih.gov/pmc/articles/PMC4542691/,Papenfort and Vanderpool (2015),Yes,in vivo crosslinked hfq-3xflag samples Holmquist 2016,Salmonella,"[143,153]",,,,,,,,,,,,,
12,RybA (mntS),TCATCCCTCAAGGATCGACGGGATTAGCAAGTCAGGAGGTCTTATGAATGAGTTCAAGAGGTGTATGCGCGTGTTTAGTCATTCTCCCT,89,No,http://www.tandfonline.com/doi/pdf/10.4161/rna.19065,"Gerstle, et al. (2012)",No,,,,,,,,,,,,,,,,
13,RybB,GCCACTGCTTTTCTTTGATGTCCCCATTTTGTGGAGCCCATCAACCCCGCCATTTCGGTTCAAGGTTGATGGGTTTTTTGT,81,Yes,http://www.ncbi.nlm.nih.gov/pmc/articles/PMC4911921/,"Zhang, et al. (2003)",Yes,in vitro comparison of wild type and mutant binding to purified Hfq-tagged gel shift assays/ribonuclease cleavage assay http://onlinelibrary.wiley.com/doi/10.1111/j.1365-2958.2010.07342.x/full,Salmonella,"[18,40]",,,,ompC,"[4,33] … [49,60]",,repression,,accessible,membrane transport is necessary,,,
,,,,,,,,,,,,,,tsx,"[1,16]",2,repression,0.7,accessible,amino acids in media are in excess in exponential growth phase.. Their transfer into the cell must be limited (repressed) not to overload the cell and envelope stress (envelope protein misfolding) could be due to the rapid generation of envelope proteins to ramp up intake,"PMC216153, PMC3697260",,
,,,,,,,,,,,,,,ompW,"[1,34]: [1,16][17,34]","2,8",repression,"0.7,0.96",inaccessible,"colicin is what bacteria release to kill other same species bacteria to gain a competitve advantage over nutrients… in a nutrient rich environment, maybe this wouldn't happen",,,
,,,,,,,,,,,,,,ompA,"[1,13]",3,repression,0.46,accessible,"constant regeneration of omp proteins is likely required under LB nutrient-rich growth conditions, so repression would not occur",,,
,,,,,,,,,,,,,,ycfL,"[1,25]",,repression,,,,,,
,,,,,,,,,,,,,,ygiM,"[1,22]",,repression,,,,,,
,,,,,,,,,,,,,,fiu,"[1,14]",,repression,,,,,,
,,,,,,,,,,,,,,ompF,"[1,22]",,repression,,,,,,
,,,,,,,,,,,,,,fadL,"[1,19]",,repression,,,,,,
,,,,,,,,,,,,,,nmpC,"[1,23]",,repression,,,,,,
,,,,,,,,,,,,,,hinT,"[1,16]",2,repression,,,,,,
,,,,,,,,,,,,,,rluD,"[1,16]",2,repression,,,,,,
,,,,,,,,,,,,,,rbsB,"[1,10]",,repression,,,,,,
,,,,,,,,,,,,,,yfeK,"[1,20]",,repression,,,,,,
,,,,,,,,,,,,,,fimA,"[5,18]",,repression,,,,,,
,,,,,,,,,,,,,,lamB,"[3,24]",,repression,,,,,,
,,,,,,,,,,,,,,rraB,"[1,23]",,repression,,,,,,
,,,,,,,,,,,,,,ydeN,"[6,19]",,repression,,,,,,
,,,,,,,,,,,,,,fumC,"[5,19]",,repression,,,,,,
,,,,,,,,,,,,,,asr,"[1,25]",,repression,,,,,,
,,,,,,,,,,,,,,rbsK,"[1,17]",,repression,,,,,,
,,,,,,,,,,,,,,yhjJ,"[1,19]",,repression,,,,,,
,,,,,,,,,,,,,,sdhC,"[3,15]",,repression,,,,,,
14,psrD,TAGGCATATTTTTTTCCATCAGATATAGCGTATTGATGATAGCCATTTTAAACTATGCGCTTCGTTTTGCAGGTTGATGTTTGTTATCAGCACTGAACGAAAATAAAGCAGTAACCCGCAATGTGTGCGAATTATTGGCAAAAGGCAACCACAGGCTGCCTTTTTCTTT,169,No,http://bmcgenomics.biomedcentral.com/articles/10.1186/1471-2164-15-121,"Pandey, et al. (2014)",No,,,,,,,,,,,,,,,,
15,rdlA,GTTCTGGTTCAAGATTAGCCCCCGTTCTGTTGTCAGGTTGTACCTCTCAACGTGCGGGGGTTTTCTC,67,No,http://www.ncbi.nlm.nih.gov/pmc/articles/PMC3933206/,"Pandey, et al. (2014)",No,,,,,,,,,,,,,,,,
16,rdlB,GTCTGGTTTCAAGATTAGCCCCCGTTCTGTTGTCAGGTTTTACCTCTCAACGTGCGGGGGTTTTCT,66,No,http://www.nature.com/articles/srep15287,"Bak, et al. (2015)",No,,,,,,,,,,,,,,,,
17,rdlC,GTCTGGTTTCAAGATTAGCCCCCGTTTTGTTGTCAGGTTTTACCTCTCAACGTGCGGGGGTTTTCTCT,68,No,http://www.nature.com/articles/srep15287,"Bak, et al. (2015)",No,,,,,,,,,,,,,,,,
18,McaS,TGAAATCTGTCACTGAAGAAAATTGGCAACTAAAGGTTAAAACCGTTATAACACAGTCACCGGCGCAGAGGAGACAATGCCGGATTTAAGACGCGGATGCACTGCTGTGTGTACTGTAGAGTCTGGCGGATGTCGACAGACTCTATTTTTTTATGCAG,158,Yes,https://www.ncbi.nlm.nih.gov/pmc/articles/PMC3672647/,"Jorgensen, et al. (2013)",No,,,,,,,csgD,"[98,113]",16,??,0.4551521758,,,,,
,,,,,,,,,,,,,,flhD,"[127,135]",20,??,0.2518343301,,,,,
,,,,,,,,,,,,,,flhD,"[69,78]",13,??,0.4190298553,,,,,
19,FnrS,GCAGGTGAATGCAACGTCAAGCGATGGGCGTTGCGCTCCATATTGTCTTACTTCCTTTTTTGAATTACTGCATAGCACAATTGATTCGTACGACGCCGACTTTGATGAGTCGGCTTTTTTTT,122,Yes,http://www.ncbi.nlm.nih.gov/pmc/articles/PMC2941437/,"Tree, et al. (2014)",No,,,,,,,metE,"[37,67]",N/A,,,,,,,
,,,,,,,,,,,,,,sodB,"[40,74]",N/A,,,,,,,
,,,,,,,,,,,,,,sodA,"[11,47]",N/A,,,,,,,
,,,,,,,,,,,,,,gpmA,"[38,57]",N/A,,,,,,,
,,,,,,,,,,,,,,folX,"[1,6]",N/A,,,,,,,
,,,,,,,,,,,,,,folX,"[36,53]",N/A,,,,,,,
,,,,,,,,,,,,,,folE,"[1,12]",N/A,,,,,,,
,,,,,,,,,,,,,,maeA,"[31,65]",N/A,,,,,,,
,,,,,,,,,,,,,,iscR,"[44,54]",N/A,,,,,,,
,,,,,,,,,,,,,,iscR,"[27,42]",N/A,,,,,,,
,,,,,,,,,,,,,,iscR,"[2,26]",N/A,,,,,,,
,,,,,,,,,,,,,,marA,"[1,62]",N/A,,,,,,,
20,MicC,GTTATATGCCTTTATTGTCACAGATTTTATTTTCTGTTGGGCCATTGCATTGCCACTGATTTTCCAACATATAAAAAGACAAGCCCGAACAGTCGTCCGGGCTTTTTTT,109,Yes,http://www.ncbi.nlm.nih.gov/pmc/articles/PMC522180/,"Tree, et al. (2014)",Yes,predicted based on Ishikawa (2013) 10.1261/rna.031575.111.,,,,,,ompC,"[1,30] ",,repression,,accessible ,Transport is essential for growth and nurients from the media are necessary to be imported to provide the essentials allowing for cell division,"15466019, 17264113",PMC4151517,
21,RydC,CTTCCGATGTAGACCCGTATTCTTCGCCTGTACCACGGGTCGGTTTTAGTACAGGCGTTTTCTT,64,Yes,http://www.ncbi.nlm.nih.gov/pmc/articles/PMC4337610/,"Zhang, et al. (2003)",Yes,predicted based on Ishikawa (2013) 10.1261/rna.031575.111.,E. coli,"[18,64]",co-crystallization of full length E.coli interaction with Salmonella RydC+ in vivo rifampicin assays of RydC mutants,Salmonella,"[23,24] [46,47]",,,,,,,,,,
22,sokB,GCTAGGTTCATTCGTTGGCCTCGGTTGATAGAAATATCGGTCGGGGCCTTCGTCTT,56,Unknown,,,Unknown,,,,,,,,,,,,,,,,
23,rydB,ATTATTCTTATCGCCCCTTCAAGAGCTAAGCCACTGAGAGTGCCGGAGATAAGCGCCGGATGGGGTAG,68,No,http://cs.wellesley.edu/~btjaden/sRNAs/global_analysis_of_sRNA.pdf,"Pandey, et al. (2014)",No,,,,,,,,,,,,,,,,
24,RprA,ACGGTTATAAATCAACATATTGATTTATAAGCATGGAAATCCCCTGAGTGAAACAACGAATTGCTGTGTGTAGTCTTTGCCCATCTCCCACGATGGGCTTTTTTT,105,Yes,http://cs.wellesley.edu/~btjaden/sRNAs/global_analysis_of_sRNA.pdf,"Tree, et al. (2014)",Yes,predicted based on Ishikawa (2013) 10.1261/rna.031575.111.,E. coli,"[73,105]",in vivo crosslinked hfq-3xflag samples Holmquist 2016,Salmonella,"[57,82]",csgD,"[79,97]",11,repression,0.92,accessible,Transcription is essential for growth ,"22356413, 22250746",,
,,,,,,,,,,,,,,csgD,"[60,74]",,repression,,accessible,Transcription is essential for growth ,"22356413, 22250747",,
,,,,,,,,,,,,,,csgD,"[28,45]",5,repression,1,accessible,Transcription is essential for growth ,"22356413, 22250748",,
,,,,,,,,,,,,,,rpoS,"[33,62]",,induction,,accessible ,"We do not expect rpoS to be induced because there is no significant stress to the system such as lower temperature, pH, etc. "," 12410838, 17264113, 11251852",,
,,,,,,,,,,,,,,ydaM,"[45,75]",,repression,,mixed accessibility,"Biofilm is necessary under stressful conditions; however, this also acts as an activator of csgD, so I would estimate mixed accessibility.",22356413,,
25,sroD,TTACGTGACGAAGCGCGCGGCAAAGTGGACAATAAAGCCTGAGCGTTAAGTCAGTCGTCAGACGCCGGTTAATCCGGCGTTTTTTT,86,Yes,27588604,,No,,,,,,,,,,,,,,,,
26,RyeA (SraC),AAAGTCAGCGAAGGAAATGCTTCTGGCTTTTAACAGATAAAAAGAGACCGAACACGATTCCTGTATTCGGTCCAGGGAAATGGCTCTTGGGAGAGAGCCGTGCGCTAAAAGTTGGCATTAATGCAGGCTTAGTTGCCTTGCCCTTTAAGAATAGATGACGACGCCAGGTTTTCCAGTTTGCGTGCAAAATGGTCAATAAAAAGCGTGGTGGTCATCAGCTGAAATGTTAAAAACCGCCCGTTCTGGTGA,249,Yes,http://jb.asm.org/content/190/11/4075.full,"Pandey, et al. (2014)",No,,,,,,,,,,,,,,,,
27,RyeB (sdsr),GCTGATGACCACCACGCTTTTTATTGACCATTTTGCACGCAAACTGGAAAACCTGGCGTCGTCATCTATTCTTAAAGGGCAAGGCAACTAAGCCTGCATTAATGCCAACTTTTAGCGCACG,121,Yes,http://jb.asm.org/content/190/11/4075.full,"Zhang, et al. (2003)",Yes,in vivo crosslinked hfq-3xflag samples Holmquist 2016,Salmonella,"[91,121]",,,,,,,,,,,,,
28,RyeF,TGATTTTTACCGTTGCATCATGTCGCCCAATATGATGCTTGCTCGTACCAGGCCCCTGCAATTTCAACAGGGGCCTTTTTTTATCCCTGAACAGTATAAAAAACGAACGATAACCGTGATCTGTTGAGCGGGTGACAGTGCGCATAGCGTTGTGCTAAAAATATTGTATATATTCACATTAATTATGGGATTTAAATTACTAAAACTGATAAATATATATTCTAAATAGCAACTGGGTTATTCCTTAGCAATTAATGATTACATTGTAATAAATCATATTCTTTATCGATTGTTTCAGGCAGTGTTGTGCCTAATTATGCAAGCGGTTAATTCGTTGTATATTTAATTATACAATGATTTCGGTGTCCAGTAATTTAATTAGAGGAATCT,390,Yes,http://genesdev.cshlp.org/content/28/14/1620.full,"Zhang, et al. (2003)",Yes,in vivo crosslinked hfq-3xflag samples Holmquist 2016,Salmonella,"[29,56]",,,,,,,,,,,,,
29,isrB,GACAATAACACCTGTATAACAAATGGTCGGAGTGCCGCGATGAAACTGCGCAAAATCCTGAAAAGTATGTTCAATAACTATTGCAAGACGTTCAAAGACGTACCGCCAGGCAATATGTTCCGATAACAAAAAACCTGCTCCGGCAGGTTTTTTTGTGTCC,160,No,http://www.ncbi.nlm.nih.gov/pmc/articles/PMC3933206/,"Pandey, et al. (2014)",No,,,,,,,,,,,,,,,,
30,rseX,TTTTTATTATTCTGTGTCATGATGCTTCCGTTATTAGCCTTTTATCGTCTTGTTTATATTTTTTGGGCCGGCATGATGCCGGCTTTTTTTT,91,Yes,"Kim, et al. (2015)","Kim, et al. (2015)",Yes,predicted based on Ishikawa (2013) 10.1261/rna.031575.111.,E. coli,"[59,91]",,,,ompC,"[30,55]",,repression,,accessible ,Transport is essential for growth; therefore all the membrane proteins needed from ompC will need to be translated; therefore accessible,16513633,,
,,,,,,,,,,,,,,ompA,"[37,50]",5,induction,0.14,inaccessible,"Membrane proteins are essential, therefore there will be binding to induce this mRNA",20683441,,
31,isrC,ACGATCAATATCTATTTTATCGATCGTTTATATCGATCGATAAGCTAATAATAACCTTTGTCAGTAACATGCACAGATACGTACAGAAAGACATTCAGGGAACAACAGAACCACAATTCAGAAACTCCCACAGCCGGACCTCCGGCACTGTAACCCTTTACCTGCCGGTATCCACGTTTGTGGGTACCGGCTTTTTTATTCACC,204,No,http://www.ncbi.nlm.nih.gov/pmc/articles/PMC3933206/,"Pandey, et al. (2014)",No,,,,,,,,,,,,,,,,
32,tpke70,AAAGCCATAAAAACCATGAGGTTATTATGGCCGATTTGAGGAGGGAAAGAGTAAGAGCAGTTTGTTAAATGTACAACGACGATTCTCCCACCGGGCGCGTTTTAAAGCGACGGTGGATCCAGAGGTACTGCTCCGGTGCGCGCATGATCTCTTTCTCGATAATCTTGTTCATATAGGCAGCGGCTTGATTTTCATCTGTCGGGTAGCCTTCCATCTCTGGGGTGATGAACAAACGATATCCGCTGTAATCCGCTTTTCTTACCATCGTTACGGTCAACATGGCTGCGCCAGAGAGACGGGAGAGAACATAGGTGCCATTGGTTGTGGCGACATTTTCCACCGCAAAGAACGGCGCGAAGGAGCTGCCTTTACGACCATAATCCTGATCGGGAGCAAACCATACCGCTTCACCTTTCTTCAGTGCACCGACAATGCC,436,Unknown,,,Unknown,,,,,,,,,,,,,,,,
33,sroE,ATAACGTGATGGGAAGCGCCTCGCTTCCCGTGTATGATTGAACCCGCATGGCTCCCGAAACATTGAGGGAAGCGTTGAGGGTTCATTTTTAT,92,Unknown,,,Unknown,,,,,,,,,,,,,,,,
34,ryfA,GCGGCCCTTTCCGCCGTCTCGCAAACGGGCGCTGGCTTTAGGAAAGGATGTTCCGTGGCCGTAAATGCAGGTGTTTCACAGCGCTTGCTATCGCGGCAATATCGCCAGTGGTGCTGTCGTGATGCGGTCTTCGCATGGACCGCACAATGAAGATACGGTGCTTTTGTATCGTACTTATTGTTTCTGGTGCGCTGTTAACCGAGGTAAATAATAACCGGAGTCTCTCCGGCGACAATTTACTGGTGGTTAACAACCTTCAGAGCAGCAAGTAAGCCCGAATGCCGCCCTTTGGGCGGCATATTTT,304,No,http://www.nature.com/articles/srep15287,"Pandey, et al. (2014)",No,,,,,,,,,,,,,,,,
35,GlmY,AGTGGCTCATTCACCGACTTATGTCAGCCCCTTCGGGACGTGCTACATAAAATACGAATGACGCACAACAAGGTGCCTGCCGTCCAACTTCTGATATCAGCGTAGCTATATCAACCATCGGGCGAAACGTCGAGTTAGGCACCGCCTTATTCCATAACAAAGCCGGGTAATTCCCGGCTTTGTT,184,Yes,http://www.ncbi.nlm.nih.gov/pmc/articles/PMC4737144/,"Göpel, et al. (2015)",No,,,,,,,,,,,,,,,,
36,ryfB,CGTTATTGAAGATTTTGCTGTGCTTTACACCATGCCACAGAATTCCCCCATTGAAACGAGTGGTGTCGTCAAAGCTCTGGTGTGGAGTGCAGCATGCACCCTCAATAACTCGCACGTTCAGTTTTGGGGAGATGTAAGGGCTAATCTGAATGGCTGCATTCCTTGTTTAAGGAAAAACGAATGACTGATTGCCGATACCTGATTAAACGGGTCATCAAAATCATCATTGCTGTTTTACAGCTGATCCTTCTGTTCTTATAACACAAGGAAACGTACTTAAGGTGCGTCCGGTGAACCAGTCGGACGCACCTTTAATAAC,319,No,http://www.nature.com/articles/srep15287,"Bak, et al. (2015)",No,,,,,,,,,,,,,,,,
37,ryfC (ohsC),GTTGAGGGTGCATGCTGCACAAAATTAAAGTTAAAAAGTAAAACCCCCGTTCCTTACCAGTTCGGGGGTTTTACTTT,77,Unknown,,,Unknown,,,,,,,,,,,,,,,,
38,ryfD,AATCAAGACGATCCGGTACGCGTGATTTTCTTTTCACATTAATCTGGTCAATAACCTTGAATAATTGAGGGATGACCTCATTTAATCTCCAGTAGCAACTTTGATCCGTTATGGGAGGAGTTATGCGTCTGGATCGTCTTACT,143,Yes,http://www.nature.com/articles/srep15287,"Pandey, et al. (2014)",Yes,in vivo crosslinked hfq-3xflag samples Holmquist 2016,Salmonella," [55,80]",,,,,,,,,,,,,
39,SraD (MicA),GAAAGACGCGCATTTGTTATCATCATCCCTGAATTCAGAGATGAAATTTTGGCCACTCACGAGTGGCCTTTT,72,Yes,https://www.ncbi.nlm.nih.gov/pmc/articles/PMC2925231/,"Tree, et al. (2014)",Yes,in vitro hydroxyl radical footprinting 16313626,E. coli,"[45,50]",predicted based on Ishikawa (2013) 10.1261/rna.031575.111.,E. coli,"[45,72]",phoP,"[6,31]",,repression,,accessible,"No magnesium or acid stress present, therefore there should be less binding to the mRNA because lower quantities of the mRNA should exist. ",20345657,,
,,,,,,,,,,,,,,??,"[8,30]",,,,,,,,
,,,,,,,,,,,,,,??,"[8,25]",,,,,,,,
,,,,,,,,,,,,,,??,"[2,30]",,,,,,,,
,,,,,,,,,,,,,,??,"[1,23]",,,,,,,,
,,,,,,,,,,,,,,??,"[6,30]",,,,,,,,
,,,,,,,,,,,,,,??,"[11,28]",,,,,,,,
,,,,,,,,,,,,,,??,"[1,23]",,,,,,,,
,,,,,,,,,,,,,,??,"[4,14]",,,,,,,,
40,GcvB,ACTTCCTGAGCCGGAACGAAAAGTTTTATCGGAATGCGTGTTCTGGTGAACTTTTGGCTTACGGTTGTGATGTTGTGTTGTTGTGTTTGCAATTGGTCTGCGATTCAGACCATGGTAGCAAAGCTACCTTTTTTCACTTCCTGTACATTTACCCTGTCTGTCCATAGTGATTAATGTAGCACCGCCTAATTGCGGTGCTTTTTTT,205,Yes,http://mic.microbiologyresearch.org/content/journal/micro/10.1099/mic.0.023598-0#tab2,"Tree, et al. (2014)",Yes,predicted based on Ishikawa (2013) 10.1261/rna.031575.111.,E. coli,"[171,205]",in vivo crosslinked hfq-3xflag samples Holmquist 2016,Salmonella," [17,45] [159,186]",csgD,"[69,86]"," 8 (69, 87)",repression,0.2,accessible,Transcription is essential for cell growth and transcription of other RNA molecules; therefore these mRNA should not bind to the sRNA leaving them un-repressed,22250746,,
,,,,,,,,,,,,,,dppA,"[60,94]",,repression,,accessible,"Transport of dipeptides and oligopeptides are necessary for growth and crucial for cellular processes under our conditions, therefore this should be accessible",18312576,,
,,,,,,,,,,,,,,phoP,"[148,174]",,repression,,accessible,"No magnesium or acid stress present, therefore there should be less binding to the mRNA because lower quantities of the mRNA should exist. ",23300478,,
,,,,,,,,,,,,,,cycA,"[124,161]",,repression,,accessible ,These particular amino acids necessary for growth; therefore the mRNA should not be repressed and remain accessible,19118351,,
,,,,,,,,,,,,,,sstT,"[64,99]",,repression,,accessible ,These particular amino acids necessary for growth; therefore the mRNA should not be repressed and remain accessible,"19118351, 18952787",,
41,OmrA,CCCAGAGGTATTGATTGGTGAGATTATTCGGTACGCTCTTCGTACCCTGTCTCTTGCACCAACCTGCGCGGATGCGCAGGTTTTTTTT,88,Yes,http://onlinelibrary.wiley.com/doi/10.1111/j.1365-2958.2005.04929.x/full,"Tree, et al. (2014)",Yes,predicted based on Ishikawa (2013) 10.1261/rna.031575.111.,E. coli,"[61,88]",in vivo crosslinked hfq-3xflag samples Holmquist 2016,Salmonella,"[32,44] [46,70]",fepA,"[16,48]",,repression,,accessible,"Iron uptake occurs in the system, and is a crucial process for cellular respiration.","16359331, 18953042",,
,,,,,,,,,,,,,,ompR,"[1,19]",2,repression,0.53,accessible,"ompC plays a crucial role in transport membrane proteins which provide the necessary methods for transport of nutrients into the cell. Should be little to no binding to the sRNA, therefore accessible","18953042, 16359331",,http://www.ncbi.nlm.nih.gov/pubmed/18953042
,,,,,,,,,,,,,,ompT,"[1,33]",,repression,,accessible,"Outermembrane proteins essential in system, but since they are in a non-stressED membrane (the bacteria are in optimal growing conditions), therefore the OmrA are not going to bind to the ompT, therefore the ompT is accessible ","18953042, 16359331",,http://www.ncbi.nlm.nih.gov/pubmed/18953042
,,,,,,,,,,,,,,flhD,"[1,50]",,repression,,acessible,There is no repression because there is no change in the osmolarity of the environment; the flagella would be needed for the cells to swim and find salts and nutrients because the osmolarity of the solution is unchanged,http://www.ncbi.nlm.nih.gov/pmc/articles/PMC4606813/; http://www.anaesthesiamcq.com/FluidBook/fl2_3.php; http://onlinelibrary.wiley.com/doi/10.1111/j.1365-2958.2012.08209.x/full,,
42,OmrB,CCCAGAGGTATTGATAGGTGAAGTCAACTTCGGGTTGAGCACATGAATTACACCAGCCTGCGCAGATGCGCAGGTT,76,Yes,http://onlinelibrary.wiley.com/doi/10.1111/j.1365-2958.2005.04929.x/full,"Tree, et al. (2014)",Yes,predicted based on Ishikawa (2013) 10.1261/rna.031575.111.,E. coli,"[56,76]",,,,ompT,"[1,32]",,repression,,accessible,"Outermembrane proteins essential in system, but since they are in a non-stressED membrane (the bacteria are in optimal growing conditions), therefore the OmrA are not going to bind to the ompT, therefore the ompT is accessible ",http://onlinelibrary.wiley.com/doi/10.1111/j.1365-2958.2005.04929.x/abstract,,
,,,,,,,,,,,,,,ompR,"[1,19]",,repression,,accessible,"ompC is essential for growth of the cells, so autoregulation of the OmrB and OmrA keeps it from binding to the ompR",,,
,,,,,,,,,,,,,,cirA,"[2,15]",2,repression,0.95,accessible,Similar to ompT - no stress in the environment means no need for there to be a difference in RNA membrane proteins,http://www.ncbi.nlm.nih.gov/pubmed/18953042,,
,,,,,,,,,,,,,,csgD,"[2,20]",3,repression,0.67,accessible,Biofilm and curli are required when the cells are present in media. Provide the outer membrane proteins necessary to keep cells from being easily susceptible to strain in environmental shaking,http://www.ncbi.nlm.nih.gov/pmc/articles/PMC4152358/,,
,,,,,,,,,,,,,,flhD,"[1,49]",,repression,,acessible,,http://www.ncbi.nlm.nih.gov/pmc/articles/PMC4606813/; http://www.anaesthesiamcq.com/FluidBook/fl2_3.php; http://onlinelibrary.wiley.com/doi/10.1111/j.1365-2958.2012.08209.x/full,,
43,InvR,TGCGGAATGCAGAAAGTTTTATGTAGGTTAAGGTGTGAAACGTCCGCACCAATAAAGCCCGGCGAGGTGATGCCAACCTGGGCGTTCATGTTC,93,Yes (Salmonella),http://onlinelibrary.wiley.com/doi/10.1111/j.1365-2958.2007.05991.x/full,,No,,,,,,,,,,,,,,,,
44,RygC,GTAAGGGTAAGGGAGGATTGCTCCTCCCCTGAGACTGACTGTTAATAAGCGCTGAAACTTATGAGTAACAGTACAATCAGTATGATGACAAGTCGCATCATAACCCTTCTCCTTCAAGCCCTCGCTTCGGTGAGGGCTTT,140,Yes,http://www.nature.com/articles/srep15287,"Pandey, et al. (2014)",No,,,,,,,,,,,,,,,,
45,sroG,GCTTATTCTCAGGGCGGGGCGAAATTCCCCACCGGCGGTAAATCAACTCAGTTGAAAGCCCGCGAGCGCTTTGGGTGCGAACTCAAAGGACAGCAGATCCGGTGTAATTCCGGGGCCGACGGTTAGAGTCCGGATGGGAGAGAGTAACG,149,Yes (Salmonella),N/A,,No,,,,,,,,,,,,,,,,
46,RygD (sibD),ACAAGGGTGAGGGAGGATTTCTCCCCCCTCTGATTGGCTGTTAATAAGCTGCGAAACTTACGAGTAACAACACAATCAGTATGATGACGAGCTTCATCATAACCCTTTCCTTCTGTAAGGCCCCCTTCTTCGGGAGGGGCTTTCC,145,No,http://www.nature.com/articles/srep15287,"Pandey, et al. (2014)",No,,,,,,,,,,,,,,,,
47,psrN,GCAAAGGGGAGTAACTTCATTGCCGGTCGATCGTCATTACGATGTGTGAAAAAACACATCCGGTCACCGGGCAACCCGAAAGGAATACGCAGACGTATTCCTTTTTTGTTGTAAGTGAGACCTTGCCGGAAGGCGAGGTCTATGCATAAAAAGCAGCGGCTGACGTCTTCCGACGTTGGCCGTTTTTT,188,Unknown,,,Unknown,,,,,,,,,,,,,,,,
48,SraH (ArcZ),GTGCGGCCTGAAAAACAGTGCTGTGCCCTTGTAACTCATCATAATAATTTACGGCGCAGCCAAGATTTCCCTGGTGTTGGCGCAGTATTCGCGCACCCCGGTCTAGCC,108,Yes,https://www.ncbi.nlm.nih.gov/pmc/articles/PMC2906882/,"Zhang, et al. (2003)",Yes,predicted based on Ishikawa (2013) 10.1261/rna.031575.111.,E. coli,"[75,78] [95,108]",in vivo crosslinked hfq-3xflag samples Holmquist 2016,Salmonella,"[64,96]",??,"[66,91]",,,,,,,,
,,,,,,,,,,,,,,??,"[1,17]",,,,,,,,
49,arrS,GTAATCCGATTTAAATATCGAGTCTCCTTGTTTCGACTTAAGCTGGCAATTGGATTGCCAGCTTTCTTT,69,Yes,27588604,,No,,,,,,,,,,,,,,,,
50,GadY,ACTGAGAGCACAAAGTTTCCCGTGCCAACAGGGAGTGTTATAACGGTTTATTAGTCTGGAGACGGCAGACTATCCTCTTCCCGGTCCCCTATGCCGGGTTTTTTT,105,Yes,https://www.ncbi.nlm.nih.gov/pmc/articles/PMC522195/,"Kim, et al. (2015)",No,,,,,,,,,,,,,,,,
51,rdlD,GTCTAGAGTCAAGATTAGCCCCCGTGGTGTTGTCAGGTGCATACCTGCAACGTGCGGGGGTTTT,64,Yes (Salmonella),http://ccb.bmi.ac.cn/srnatarbase/details.php?id=106,"Pandey, et al. (2014)",Yes,in vivo crosslinked hfq-3xflag samples Holmquist 2016,Salmonella,"[48,64]",,,,,,,,,,,,,
52,"istR-1, istR-2",GTTGACATAATACAGTGTGCTTTGCGGTTACCAGCCGCAGGCGACTGACGAAACCTCGCTCCGGCGGGGTTTTTT,75,No,http://www.cell.com/molecular-cell/fulltext/S1097-2765(07)00219-5,Olejniczak (2011),No,,,,,,,,,,,,,,,,
53,GlmZ,GTAGATGCTCATTCCATCTCTTATGTTCGCCTTAGTGCCTCATAAACTCCGGAATGACGCAGAGCCGTTTACGGTGCTTATCGTCCACTGACAGATGTCGCTTATGCCTCATCAGACACCATGGACACAACGTTGAGTGAAGCACCCACTTGTTGTCATACAGACCTGTTTT,172,Yes,https://www.ncbi.nlm.nih.gov/pmc/articles/PMC2267818/,"Tree, et al. (2014)",Yes,EMSA of mutational analysis --switching various motif from glmZ (which natively exhibits favorable hfq binding) and switching with glmY (natively exhibits low hfq binding). Additionally confirmed in vivo by expressing mutants in WT and del hfq strain and doing Northerns to characterize stability 10.1093/nar/gkv1161,E. coli,"[147,172]",Sequence used does not match sequence in this paper,,,glmS,"[150,169]",16,induction,0.63,inaccessible,"There are no sugars that are freely available inside the cell, therefore there needs to be expression of glmS inorder for there to be the enzyme that is present in he amino-sugar metabolism to provide the basal level of glucose and other carbon sources necessary. ",https://www.ncbi.nlm.nih.gov/pmc/articles/PMC2267818/,,
54,Spot_42,GTAGGGTACAGAGGTAAGATGTTCTATCTTTCAGACCTTTTACTTCACGTAATCGGATTTGGCTGAATATTTTAGCCGCCCCAGTCAGTAATGACTGGGGCGTTTTTTA,109,Yes,http://cs.wellesley.edu/~btjaden/sRNAs/global_analysis_of_sRNA.pdf,"Kim, et al. (2015)",Yes,hydroxyl radical footprinting http://www.sciencedirect.com/science/article/pii/S1097276501004361,E. coli,"[57,60] [69,73] [103,109]",,,,gltA,4-13,5,repression,0.76,accessible,the cell will likely only catalyze reactions for as much glucose as it needs and is not expected to be in excess (requiring repression of TCA),Beisel mol cell 2011,,
,,,,,,,,,,,,,,caiA,23-38,NaN,repression,NaN,accessible,anaerobic growth pathways are likely not induced under experimental conditions,PMC107209,,
,,,,,,,,,,,,,,sucC,23-34,9,repression,0.81,accessible,essential for aerobic growth,PMC3911028,,
,,,,,,,,,,,,,,sthA,48-55,13*,repression,0.66,accessible,"in our case, the cell probably produces ~ necessary glucose for cell processes from amino acids and there is likely no glucose surplus","PMC4518329,PMC3186873",,
,,,,,,,,,,,,,,srlA,20-34,7,repression,0,accessible,"no D-sorbitol in media, thus the pathway probably wouldn't be activated on the transcriptional level in the first place so it wouldn't need to be repressed","PMC3186873, PMC3072601",,
,,,,,,,,,,,,,,fucI,"[4,57]",,repression,,accessible,no fucose or mannose pathways likely upregulated,,,
,,,,,,,,,,,,,,galK,1-62,,repression,,accessible,"no galactose in media, likely this pathway isn't transcriptionally activated and there is no need to repress it at the RNA level","Moller, Mol Cell 2002, https://ittakes30.wordpress.com/2011/04/19/think-you-know-metabolism-think-again/",,
,,,,,,,,,,,,,,nanC,1-17,2,repression,0.72,accessible,"No Neu5Ac in media, thus this pathway is likely not upregulated at the transcriptional level",Beisel mol cell 2011,,
,,,,,,,,,,,,,,paaK,"[1,9]",1,repression,0.35,accessible,no phenylacetate in media … phenylacetate is produced from reaction of phenol with acetic anhydride,,,
,,,,,,,,,,,,,,ascF,"1-8, 52-60","2*, 14",repression,".35, .83",accessible,sugars whose transport is mediated by ascF are not present,10.1128/JB.00663-09,,
,,,,,,,,,,,,,,sdhC,4-15,4,repression,0.6,accessible,the cell will likely only catalyze reactions for as much glucose as it needs and is not expected to be in excess (requiring repression of TCA),10.1101/gad.182493.111,,
,,,,,,,,,,,,,,fucP,46-56,12,repression,0.69,accessible,"we are using L-arabinose, and likely this pathway is not upregulated at the transcriptional level",Beisel EMBO 2012,,
,,,,,,,,,,,,,,xylF,"[1,33]",,repression,,accessible,xylF is likely not upregulated when it has been in a glucose-deficient environment for so long,10.1128/AEM.70.4.2354–2366.2004,,
,,,,,,,,,,,,,,atoD,4-11,"4*,5*",repression,"0.60 , 0.76",accessible,atoD is likely not upregulated in an acetoacetate-deficient environment and thus there is likely no need for repression,"Beisel EMBO 2012,10.1186/1471-2164-12-238",,
,,,,,,,,,,,,,,gdhA,"[40,56]",,repression,,inaccessible,"amino acid catabolism results in excretion of the excess ammonium (10.1128/JB.01368-07), therefore this pathway may need to be repressed under experimental conditions",10.1128/AEM.70.4.2354–2366.2004,,
,,,,,,,,,,,,,,puuE,"[29,57]",,repression,,,,,,
55,OxyS,GAAACGGAGCGGCACCTCTTTTAACCCTTGAAGTCACTGCCCGTTTCGAGAGTTTCTCAACTCGAATAACTAAAGCCAACGTGAACTTTTGCGGATCTCCAGGATCCGCT,110,Yes,http://cs.wellesley.edu/~btjaden/sRNAs/global_analysis_of_sRNA.pdf,"Tree, et al. (2014)",Yes,in vitro Rnase T2 assays with/without Hfq 11804582,E. coli,"[65,73]",,,,flhD,"[53,74]",6,repression,0.87,acessible,"similar to OmrA and OmrB (OmrA, OmrB, and OxyS all fall in the same category)",http://www.ncbi.nlm.nih.gov/pubmed/22925049,,
56,sroH,GAAAATAAGAACACATGTTCTCATCTTCCAGGATGCAGCAGACTGAAGAAATTCAGACATCCCGCAACCTGCGATTATCGCAAGGTCAAGGCAAAGTCCGGTAATGGCGTTCTGAATACCAGAGATAATTCTCTGGCGAAACCCACCTTAAGGTGGGTTTT,161,Unknown,Unknown,,N/A,,,,,,,,,,,,,,,,
57,SraL,ATCAACACCAACCGGAACCTCCACCACGTGCTCGAATGAGGTGTGTTGACGTCGGGGGAAACCCTCCTGTGTACCAGCGGGATAGAGAGAAAGACAAAGACCGGAAAACAAACTAAAGCGCCCTTGTGGCGCTTTAGTTT,140,No,http://nar.oxfordjournals.org/content/early/2016/05/09/nar.gkw404.full,,No,,,,,,,,,,,,,,,,
58,ryjA,ATCAACACCAACCGGAACCTCCACCACGTGCTCGAATGAGGTGTGTTGACGTCGGGGGAAACCCTCCTGTGTACCAGCGGGATAGAGAGAAAGACAAAGACCGGAAAACAAACTAAAGCGCCCTTGTGGCGCTTTAGTTTT,141,Yes,http://www.ncbi.nlm.nih.gov/pmc/articles/PMC3753932/,"Wassarman, et al. (2001)",No,,,,,,,,,,,,,,,,
59,nc5,ATCCGGCCTACGGAGGGTGCGGGAATTTGTAGGCCTGATAAGACGCGCAAGCGTCGCATCAGGCAGTCGGCACCATTGCCGGATGCGGCGTAAACGCCTTATCC,104,Unknown,Unknown,,N/A,,,,,,,,,,,,,,,,
60,ryjB,TCATCCGTCGTTGACTCCATGCCGATTCGGGTTAATCTGGTAGCGATCCCCGTCGATACTTTTGACGAAGGCGGCAGGGATCGCAGAAGG,90,Yes,http://bmcgenomics.biomedcentral.com/articles/10.1186/1471-2164-15-121,"Zhang, et al. (2003)",No,,,,,,,,,,,,,,,,
61,symR,AGTCATAACTGCTATTCTCCAGGAATAGTGATTGTGATTAGCGATGCGGGTGTGTTGGCGCACATCCGCACCGCGCT,77,No,https://www.ncbi.nlm.nih.gov/pmc/articles/PMC1891008/,"Kawano, et al. (2007)",No,,,,,,,,,,,,,,,,
62,dsrA,AACACATCAGATTTCCTGGTGTAACGAATTTTTTAAGTGCTTCTTGCTTAAGCAAGTTTCATCCCGACCCCCTCAGGGTCGGGATTT,87,Yes,http://cs.wellesley.edu/~btjaden/sRNAs/global_analysis_of_sRNA.pdf,"Tree, et al. (2014)",Yes,in vitro binding assays comparing wild type and mutant evaluated using EMSA http://www.ncbi.nlm.nih.gov/pmc/articles/PMC1370368/,E. coli,"[29,34]",additionally the selected binding region follows binding site predictions by Ishikawa (2013),,,mreB,"[24,41]",5,repression,0.54,accessible,There is no need to decrease levels of mreB in the cell because the temperature is kept higher and there is constant cell growth; there is no move made to decrease cell growth.,http://www.ncbi.nlm.nih.gov/pubmed/25407044,,
,,,,,,,,,,,,,,rpoS,"[10,32]",3,induction,0.87,accessible,"There is no need to increase the level of rpoS because additional stress factors are not needed in this environment. The cells are not stressed, therefore there is no need for the stress factor",http://www.ncbi.nlm.nih.gov/pmc/articles/PMC2525945/,,
,,,,,,,,,,,,,,hns,"[31,43]",7,repression,0.69,accessible,"hns codes for HN-S stress factors that would be needed when there is a stress in the environment. When there is a stress, they will probably dissociate from the hns and bind to the rpoS, which will doubly allow for the stress factors to be produced",http://www.ncbi.nlm.nih.gov/pubmed/9770507,,
65,ryhB,GCGATCAGGAAGACCCTCGCGGAGAACCTGAAAGCACGACATTGCTCACATTGCTTCCAGTATTACTTAGCCAGCCGGGTGCTGGCTTTT,90,Yes,http://cs.wellesley.edu/~btjaden/sRNAs/global_analysis_of_sRNA.pdf,"Tree, et al. (2014)",Yes,in vitro Rnase footprinting with/without Hfq PMC1271764,E. coli,"[61,65]",,,,iscS,"[43,68]",15,repression,0.98,accessible,"There is no need to bind to the downstream mRNA because there is no stress causing a need for the iron clusters; there is no deficiency of iron in the medium caused by depletion, so the sRNA is not going to bind to the mRNA.",http://www.ncbi.nlm.nih.gov/pubmed/19407815,,
,,,,,,,,,,,,,,sdhD,"[9,50]",,repression,,accessible,There is no need to bind to the RNA because there is no iron deficciency. Therefore iron use proteins are free to be present,,,
,,,,,,,,,,,,,,sodB,"[34,64]",,repression,,accessible,There is no need to control how much iron is regulated because there is no decrease in the iron present in the medium,16717284,,
,,,,,,,,,,,,,,nirB,"[38,57]",11,repression,0.63,accessible,"The mRNA is located on an operon that gets activated during periods of anaerobic cell growth; the cell conditions under which they are grown are completely aerobic, therefore there is no need even for the operon to make significant amounts of the mRNA. The sRNA should be complerely accessible. ",http://www.pnas.org/content/110/37/E3487.long ; http://www.ncbi.nlm.nih.gov/pubmed/11004182,,
,,,,,,,,,,,,,,marA,"[38,57]",11,repression,0.63,accessible,"The mRNA is probably not over expressed because there is no stress being posed on the cells. They are being grown at optimal conditions in the appropriate environment. Therefore, this region of the sRNA would be accessible. ",http://www.ncbi.nlm.nih.gov/pmc/articles/PMC90504/,,
,,,,,,,,,,,,,,erpA,"[36,60]",9,repression,0.87,accessible,"There are optimal growth conditions, and the bacteria need as much ""essential respiratory protein A"" inorder to continue to grow exponentially. There would be repression under stressed conditions where there needs to be a cap on bacterial growth to conserve energy and nutrients.",,,
,,,,,,,,,,,,,,sdhC,"[43,51]",17,repression,0,accessible,"sRNA binds upstream to act as a recruitment factor for Hfq which in turn serves to repress translation of the mRNA. Therefore, it could be inaccesssible. However, this is part of the sdhD pathway, and since there is no iron defficiency, there is no need to bind to the mRNA to repress the pathway, so it would be accessible. ",http://www.ncbi.nlm.nih.gov/pubmed/22474262 ; ,,
,,,,,,,,,,,,,,sdhCDAB,"[9,50]",,repression,,accessible,Operon is probably not active because there is plenty of iron present in the environment; no need for abundance of mRNA because no stress present.,,,
,,,,,,,,,,,,,,shiA,"[19,75]",,Induction,,acessible,"under iron starvation, overexpression of the permease is needed, which means that only when there is not enough iron present, this will work and be overexpressed.",http://www.ncbi.nlm.nih.gov/pubmed/17542919,,
,,,,,,,,,,,,,,cirA,"[41,57]",13,Induction,0.68,acessible,Promotes colicin sensitivity when there is iron starvation present in the cell; colicin when uptaken prevents growth of e coli therefore it is able to continue to survive instead of die after overgrowth,http://lib.dr.iastate.edu/cgi/viewcontent.cgi?article=1029&context=ans_pubs,,
,,,,,,,,,,,,,,fur,"[38,76]",,repression,,inaccessible,"When under conditions of iron depletion, the fur is activated, but in this case there is no need for there to be additional iron uptake by the cells, so it would be inaccessible, and repressed (would expect fur to be relatively abundanct)",http://emboj.embopress.org/content/26/4/965.long,,
,,,,,,,,,,,,,,msrB,"[1,12],[26,38]",,repression,0.48,inaccessible,"The mRNA is repressed when there is too many ROS enzymes needing repair; this is to keep it from overusing iron and since there is plenty of free iron in the medium, the sRNA would most likely control the production of msrB to prevent excessive iron use by the cells. ",http://journals.plos.org/plosone/article?id=10.1371%2Fjournal.pone.0063647,,
66,MicF,GCTATCATCATTAACTTTATTTATTACCGTCATTCATTTCTGAATGTCTGTTTACCCCTATTTCAACCGGATGCCTCGCATTCGGTTTTTTTT,93,Yes,http://cs.wellesley.edu/~btjaden/sRNAs/global_analysis_of_sRNA.pdf,"Zhang, et al. (2003)",Yes,predicted based on Ishikawa (2013) 10.1261/rna.031575.111.,E. coli,"[20,25] [59,93] ",,,,OmpF,"[1,33]","2,4",repression,"0.2, 0.02",accessible,"no stressful conditions, thus ompF activity should not be downregulated",10.1006/jmbi.2001.5029,,
,,,,,,,,,,,,,,lrp,"[1,13]",2,repression,0.2,inaccessible,"experimental growth was in nutrient-rich LB, not all nutrients can be processed at once without overloading the cell",10.1111/j.1365-2958.2012.07994.x,,
67,MgrR,GATTCGTTATCAGTGCAGGAAAATGCCTGTTAGCGTAAAAGCAAAACACAAATCTATCCATGCAAGCATTCACCGCCGGTTTACTGGCGGTTTTTTTT,98,Yes,http://www.ncbi.nlm.nih.gov/pmc/articles/PMC2841474/,"Kim, et al. (2015)",Yes,predicted based on Ishikawa (2013) 10.1261/rna.031575.111.,E. coli,"[28,31] [72,98]",,,,,,,,,,,,,
68,CyaR,GCTGAAAAACATAACCCATAAAATGCTAGCTGTACCAGGAACCACCTCCTTAGCCTGTGTAATCTCCCTTACACGGGCTTATTTTTT,87,Yes,https://www.ncbi.nlm.nih.gov/pmc/articles/PMC2620814/,"Tree, et al. (2014)",Yes,predicted based on Ishikawa (2013) 10.1261/rna.031575.111.,E. coli,"[47,87]",,,,luxS,"[35,49]",9,repression,0,accessible,"LuxS is induced by having a higher concentration of acetate or low pH, and since neither of these conditions are present in the media, it can be assumed they are present in low concentrations, so this region of the sRNA will be accessible. (ref to right) LuxS appears to support biofilm formation via its protein product AI-2 that increases cell motility. (PMC1317603) Quorum sensing is hypothesized to play a role in stationary phase gene expression; however, quorum sensing also increases with growth rate and appears to positively regulate cell division which is sure to be high in exponential growth phase, suggesting that it plays more important roles in exponential growth. (10.1128/JB.183.18.5239-5247.2001)",http://biocyc.org/gene?orgid=ECOLI&id=EG12712,,
,,,,,,,,,,,,,,yqaE,"[31,50]",8,repression,1,accessible,"Membrane protein that is activated under stress conditions; transcription is predicted to be controlled by a sigma factor under stress conditions, and since there is no stress, the mRNA is probably present in low quantities and therefore not significant enough to make the region of mRNA inaccessible",http://biocyc.org/gene?orgid=ECOLI&id=G7396,,
,,,,,,,,,,,,,,nadE,"[35,48]","9*,10*",repression,"0, 0.84",accessible,"NAD+ is used in the ETC and is a highly required component of aerobic respiration, as well as anaerobic respiration. The enzymes made to synthesize it and repair NAD+ are crucial to cells that are unstressed, thus the sRNA would no need to repress the mRNA, therefore be accessible.",,,
,,,,,,,,,,,,,,yobF,"[1,43]",,repression,,accessible,"There is no heat shock stressed on the cells, therefore there wouldn't be a signficant concentration of yobF; therefore this particular region on the sRNA would be accessible.",http://www.ncbi.nlm.nih.gov/pmc/articles/PMC2798279/,,
,,,,,,,,,,,,,,OmpX,"[38,48]",10,repression,0.84,accessible ,The region should be accessible unless there is a poor carbon source or low-glucose conditions causing a need to down regulate the formation of membrane porins,http://www.ncbi.nlm.nih.gov/pubmed/18619465; :10.1128/JB.01157-08,,
69,dicF,TTTCTGGTGACGTTTGGCGGTATCAGTTTTACTCCGTGACTGCTCTGCCGCCC,53,Yes,http://cs.wellesley.edu/~btjaden/sRNAs/global_analysis_of_sRNA.pdf,"Zhang, et al. (2003)",No,,,,,,,ftsZ,"[22,52]",4,repression,0.83,accessible,"dicf inhibits ftsz to block cell division in e coli; since the e coli is never in stationary phase and is always growing, there is not going to be repression of this mRNA, and the e coli is always going to grow more. ",http://www.ncbi.nlm.nih.gov/pubmed/1372677,,
70,SibB,GTGAGGGTAGAGCGGGGTTTCCCCCGCCCTGGTAGTCTTAGTAAGCGGGGAAGCTTATGACTAAGAGCACCACGATGATGAGTAGCTTCATCATGACCCTTTCCTTATTTATGGCCCCTTCCTCGGGAGGGGCTTT,136,Unknown,Unknown,,N/A,,,,,,,,,,,,,,,,
71,SibE,ACAAGGGTAAGGGAGGATTTCTCCCCCCTCTGATGAGTTGTTAGTAAGTCGGGAAACTTAACAGTAACAACACAACCAGTATGATGACGAGCTTCATCATAACCCTTTCCTTATACAAGGCCCCTTCTTCGGGAGGGGCTTT,142,Unknown,Unknown,,N/A,,,,,,,,,,,,,,,,
72,SibA,GTGAGGGTTAGGGAGAGGTTTCCCCCTCCCCCTGGTGTTCTTAGTAAGCCTGGAAGCTAATCACTAAGAGTATCACCAGTATGATGACGTGCTTCATCATAACCCTTTCCTTATTAAAAGCCCTCTTCTCCGGGAGAGGCTTT,143,Unknown,Unknown,,N/A,,,,,,,,,,,,,,,,
73,MicL,ATTTTTACCGTTGCATCATGTCGCCCAATATGATGCTTGCTCGTACCAGGCCCCTGCAATTTCAACAGGGGCCTTTTTTT,80,Yes,https://www.ncbi.nlm.nih.gov/pmc/articles/PMC4102768/,"Guo, et al. (2014)",No,,,,,,,,,,,,,,,,
74,IpeX,TAATCTGATTACGAAAAAGATATGTTGCGGGAGGCGTTGCCTCCCCAACATATAAGTGGCTCCCTCAAGCCACTTCCTTTAGAAGCACAACCTTGCTTCTAACTATATAAACCTTCTGTTATATATTACCCTTTATTTTTGGGGGCGTCTCAACGCCCCATTTTTAA,167,No,https://www.ncbi.nlm.nih.gov/pmc/articles/PMC1347279/,"Catillo-Keller, et al. (2006)",No,,,,,,,,,,,,,,,,